"What is your native language?","How old are you?","Which platforms do you use? [*BSD]","Which platforms do you use? [Ubuntu or Debian]","Which platforms do you use? [Red Hat or Fedora]","Which platforms do you use? [SUSE]","Which platforms do you use? [MacOS X]","Which platforms do you use? [Other Linux]","Which platforms do you use? [Solaris]","Which platforms do you use? [MS Windows]","What architectures do you use? [x86 (normal PC)]","What architectures do you use? [x86_64 (newer 64-bit system)]","What architectures do you use? [PPC]","What architectures do you use? [ARM]","What architectures do you use? [Other]","How did you hear about Zero Install?","What operating systems / distributions do you use Zero Install with? [*BSD]","What operating systems / distributions do you use Zero Install with? [Ubuntu or Debian]","What operating systems / distributions do you use Zero Install with? [Red Hat or Fedora]","What operating systems / distributions do you use Zero Install with? [SUSE]","What operating systems / distributions do you use Zero Install with? [MacOS X]","What operating systems / distributions do you use Zero Install with? [Other Linux]","What operating systems / distributions do you use Zero Install with? [Solaris]","What operating systems / distributions do you use Zero Install with? [MS Windows]","What operating systems / distributions do you use Zero Install with? [Other]","How have you used Zero Install so far? [I've run programs using it]","How have you used Zero Install so far? [I've published software using it]","How have you used Zero Install so far? [I'm a developer of Zero Install itself]","How have you used Zero Install so far? [Other]","What are the main programs you run using Zero Install, if any?","As a user, how important are these goals to you? [I want to install without needing root access]","As a user, how important are these goals to you? [I want to install less common software that isn't in my distribution]","As a user, how important are these goals to you? [I want to install packages without giving them root access]","As a user, how important are these goals to you? [I want to install newer versions than in my distribution]","As a user, how important are these goals to you? [I want to avoid conflicts between packages]","How do you integrate Zero Install with your (desktop) environment? [KDE or GNOME integration with Zero2Desktop]","How do you integrate Zero Install with your (desktop) environment? [AddApp to create ROX launchers]","How do you integrate Zero Install with your (desktop) environment? [Drag-and-drop to the Xfce panel]","How do you integrate Zero Install with your (desktop) environment? [0alias (shell user)]","How do you integrate Zero Install with your (desktop) environment? [None; I use 0launch directly]","How do you integrate Zero Install with your (desktop) environment? [Other]","How could Zero Install integrate better with your desktop environment?","What security software do you use or want to use with Zero Install? [Plain user accounts]","What security software do you use or want to use with Zero Install? [Plash]","What security software do you use or want to use with Zero Install? [AppArmor]","What security software do you use or want to use with Zero Install? [SELinux]","What security software do you use or want to use with Zero Install? [Virtual machine]","What security software do you use or want to use with Zero Install? [Other]","Does Zero Install provide enough support for you to make trust decisions?","How do you use Zero Install's sharing abilities? [I share common libraries between programs]","How do you use Zero Install's sharing abilities? [I share downloads between multiple users]","How do you use Zero Install's sharing abilities? [I share the cache between mutliple virtual machines]","How do you use Zero Install's sharing abilities? [I share the cache between real machines]","How do you use Zero Install's sharing abilities? [I create self-contained bundles (no sharing)]","How do you use Zero Install's sharing abilities? [Other]","Which of these features do you use? [Roll-back to previous versions]","Which of these features do you use? [Automatic update notification]","Which of these features do you use? [Compile packages from source]","Which of these features do you use? [Modify packages (local feeds)]","Which of these features do you use? [Third-party feeds]","Which of these features do you use? [Built-in bug reporting]","Which features would you like to see added / improved in the future? [Mirrors if a site is down]","Which features would you like to see added / improved in the future? [Peer-to-peer downloads]","Which features would you like to see added / improved in the future? [Better uninstall]","Which features would you like to see added / improved in the future? [Display of release notes when upgrading]","Which features would you like to see added / improved in the future? [Integration with RPM]","Which features would you like to see added / improved in the future? [Other]","What is Zero Install's biggest weakness?","What do you think of the documentation?","What did you find to be the most confusing or difficult aspect of Zero Install?","Any other comments?","Are you interested in using Zero Install to distribute software?","Do you use Zero Install to distribute software? [Not yet]","Do you use Zero Install to distribute software? [I use it to distribute my own programs]","Do you use Zero Install to distribute software? [I make feeds for other people's programs]","Do you use Zero Install to distribute software? [I provide binaries for unusual architectures]","What format(s) do you use for your packages? [Tarball (.tgz, .tar.bz2)]","What format(s) do you use for your packages? [Zip archive]","What format(s) do you use for your packages? [RPM package]","What format(s) do you use for your packages? [Debian package]","What format(s) do you use for your packages? [Autopackage (.package)]","What format(s) do you use for your packages? [Other]","Why do you (want to) use Zero Install? [I want to provide a single package for all distributions]","Why do you (want to) use Zero Install? [Distributions publish old versions of my software]","Why do you (want to) use Zero Install? [Distributions won't include my software]","Why do you (want to) use Zero Install? [Distributions introduce bugs when packaging my programs]","Why do you (want to) use Zero Install? [I need quick feedback on new releases]","Why do you (want to) use Zero Install? [Distributions have incompatible library versions]","Why do you (want to) use Zero Install? [My users don't have root access]","Why do you (want to) use Zero Install? [My users don't trust me with root on their machines]","Why do you (want to) use Zero Install? [Other]","How do you find the developer documentation?","What did you find most difficult about providing software using Zero Install?","Which tools do you use to make packages? [0publish (console)]","Which tools do you use to make packages? [0publish-gui (GTK)]","Which tools do you use to make packages? [0compile]","Which tools do you use to make packages? [FeedLint]","Which tools do you use to make packages? [Other]","What improvements would you like to see in the future? [Optional dependencies]","What improvements would you like to see in the future? [Support for plug-ins (dynamic dependencies)]","What improvements would you like to see in the future? [Integration of bug reporting with your systems]","What improvements would you like to see in the future? [Integration with version control systems (easier to make new releases)]","What improvements would you like to see in the future? [Other]","Would you be interested in commercial support?","Any other comments?","Time Submitted"
"en","28","No","Yes","Yes","Yes","No","No","No","No","Yes","Yes","No","No","","Other","No","Yes","Yes","Yes","No","No","No","No","","Yes","Yes","Yes","","ROX-Filer and other ROX apps, blender, lyx","Very important","Very important","Very important","Important","Important","No","Yes","No","Yes","Yes","","Dragging to the ROX panel could add a launcher automatically.","Yes","Yes","Yes","No","Yes","","The "unreliable hints database" is good enough for me.","Yes","Yes","No","No","No","","I use this","I use this","I use this","I use this","Don't need this","I use this","Yes","Yes","Yes","Yes","Yes","","It's just misunderstood; more advocacy!","","","","Yes","No","Yes","Yes","No","Yes","Yes","Yes","Yes","Yes","","Yes","Yes","Yes","Yes","Yes","No","Yes","No","","","Creating binaries for different archs (x86_64, etc).","Yes","Yes","Yes","Yes","","Yes","Yes","No","Yes","","No","",
"de","61","No","Yes","No","No","No","Yes","No","No","Yes","No","Yes","No","","ROX desktop","No","No","No","No","No","Yes","No","No","","Yes","No","No","","","Important","Important","Important","Very important","Important","Yes","No","No","Yes","Yes","","","Yes","No","No","No","No","","The GPG fingerprint is enough. I'll check it myself.","Yes","No","No","No","No","","Don't need this","I use this","I couldn't get this work","I couldn't get this work","","I didn't know about this","No","No","No","Yes","Yes","","It needs more packages.","Nice and well done. ","How to change the look of Rox.","","Yes","Yes","No","No","No","No","No","Yes","Yes","No","","Yes","No","No","No","Yes","Yes","No","No","","","","No","No","No","No","","No","Yes","No","No","","N/A","",
"en","21","Yes","Yes","No","No","No","No","No","No","Yes","No","No","No","","ROX desktop","No","Yes","No","No","No","No","No","No","","Yes","Yes","No","","ROX, Sonata","Very important","Important","Very important","Very important","Important","No","Yes","No","No","No","0launch in GNOME\'s automatically run programmes","","Yes","No","No","No","No","","The "unreliable hints database" is good enough for me.","No","No","No","No","No","","","I use this","I use this","","I use this","","No","No","No","No","No","Support for packages with seperate archives for different languages","Other","Very good. I\'ve used everything I\'ve wanted to with just a quick look at the documentation.","Listing dependencies of packages. i.e. I\'m not sure libc5 should be a 0install package, and Ubuntu doesn\'t have a package, but some binary distributions (i.e. Firefox) are compiled against libc5. I can imagine many packages would fail without Python, or GTK, but it somehow seems like a lot of work packaging things like that that we assume are on most systems. I certainly don\'t want to be packaging a lot of dependencies just to get one package working. We could do with a core library of dependencies being packaged, and then everybody could link to them, and perhaps they could be included in 0publish as standard dependencies. Also, it may be possible to examine the current machine to see if the dependencies are already there - i.e. check if GTK exists at a specified version, if not download the 0install package, if it is we\'re alright. If 0install is to become more widely-adopted, we need more stringent dependency-listing because more people will be using it on more systems.","In the \""Which of these features do you use?\"" section, \""No answer\"" corresponds to \""I do not use this feature at the moment, but that doesn\'t mean I don\'t need it, or value its presence\"".","Yes","No","No","Yes","No","Yes","Yes","No","No","No","","No","No","No","No","No","No","No","No","Because I like 0install, and I support it by packaging software. Also, one day (when 0install is a little more mature), I would like to be able to install an OS, copy/paste some feeds, and have my usual environment appear.","Great. That\'s what I was referring to in the other section on documentation. I haven\'t used any end-user documentation as far as I recall. Maybe ages ago.","There are some dependencies that aren\'t already packaged, and I really don\'t feel like maintaining a package for some library I don\'t care about.","No","Yes","No","No","Crazy shell scripts that fiddle XML manually, as seen in my Firefox packages.","No","No","No","Yes","","No","\""Integration with version control systems\"" is very interesting. Perhaps specify a \""trunk\"" (rather than stable, or testing, or whatever), and the latest from .../proj/trunk is downloaded and executed (assuming it can be without compilation).",
"en","20","No","Yes","No","No","No","Yes","No","Yes","Yes","No","No","No","","ROX desktop","No","Yes","No","No","No","No","No","No","","No","Yes","No","","ROX-Filer","Important","Very important","Important","Very important","Very important","No","No","No","Yes","No","","It would be nice to be able to drag or copy+pase a feed from the web right on to one\'s desktop / panel / filer and have a launcher/.desktop file/ or whatever appear without any extra dialogs or applications to deal with.","Yes","No","No","No","No","Don\'t know enough about these","I want some kind of peer-to-peer recommendation service.","Yes","No","No","No","No","","","","","","","I didn't know about this","Yes","Yes","Yes","Yes","No","","It needs more packages.","I found the website helpful and well designed.","Wanting to go in an app\'s cache folder for whatever reason, and having to randomly try hex-string-named folders till I find the right one. I would like them to be called \""PackageName - VersionNumber\"" etc. with the hexadecimal hash string stored in a file inside each directory.

Something like this:
implementations/ROX-Filer 1.1/2A32BDF834C.hash
And if someone installed a bunch of different packages with the same name and version, there could be a naming scheme like
ROX-Filer 1.1 (1)/2A32BDF834C.hash
ROX-Filer 1.1 (2)/325986BD6F3.hash
ROX-Filer 1.1 (3)/235B5DCD602.hash
Just an idea.","Great concept! I can\'t wait until distributions get rid of the creativity stifling easy-to-break centralized package management model and adopt zeroinstall\'s (at least for everything but the core of the OS)","Yes","No","No","Yes","No","Yes","No","No","No","No","","Yes","Yes","Yes","No","No","Yes","Yes","No","","google","lack of libraries already packaged","Yes","Yes","No","No","","Yes","Yes","Yes","Yes","","No","",
"sv","36","Yes","No","No","No","No","No","No","No","Yes","No","No","No","","ROX desktop","Yes","No","No","No","No","No","No","No","","Yes","No","No","","ROX-Filer, ROX-Session","Important","Important","Nice to have","Nice to have","Nice to have","No","Yes","No","No","No","","","No","No","No","No","No","","The GPG fingerprint is enough. I'll check it myself.","Yes","No","No","No","No","","I use this","I use this","I use this","I use this","I use this","I use this","No","No","Yes","Yes","No","","It needs more packages.","It\'s good.","It\'s somewhat difficult/confusing to uninstall applications.","","Yes","Yes","No","No","No","Yes","No","No","No","No","","Yes","No","No","No","No","No","No","No","","Good.","","No","No","No","No","","No","No","No","No","","N/A","",
"French","22","No","No","No","No","No","Yes","No","No","Yes","Yes","No","No","","ROX desktop","No","No","No","No","No","Yes","No","No","","Yes","No","No","","Blender, S.C.O.U.R.G.E","Important","Very important","Important","Nice to have","Nice to have","Yes","No","No","No","No","","That apps can be visible in menus (xdg?) without laucnhing Zero2Desktop each time","Yes","No","No","No","No","","I want some kind of peer-to-peer recommendation service.","Yes","No","No","No","No","","Don't need this","I use this","I couldn't get this work","I didn't know about this","I use this","I didn't know about this","Yes","Yes","No","No","No","Support for another OSes / architectures","It's too buggy.","The documentation is pretty complete and up to date, it\'s good.","Tries to do too much things at once (one can create packages from deb packages, Autopackage, Kilk, sources, etc...). Tries to be a onze-size-fits-all app, which can lead to too much complexity.","","Yes","Yes","No","No","No","Yes","No","No","No","No","","Yes","No","No","No","No","No","No","No","","A bit confusing","","No","No","No","No","","Yes","Yes","Yes","No","","N/A","",
"german","26","No","Yes","No","No","No","No","No","No","Yes","No","No","No","","ROX desktop","No","Yes","No","No","No","No","No","No","","Yes","Yes","No","","all rox apps available via 0install","Important","Very important","Important","Nice to have","Very important","Yes","Yes","No","No","No","","Have AddApp/Zero2Desktop install SendTo items. (Needs mime-types element in interfaces)
","No","No","No","No","No","","The "unreliable hints database" is good enough for me.","Yes","Yes","No","No","No","","I use this","I use this","I use this","I use this","","","Yes","No","Yes","No","No","","It needs more packages.","good","","","Yes","No","Yes","Yes","No","Yes","No","No","No","No","","Yes","No","Yes","No","Yes","No","No","No","","ok","1) Dependencies. Most libraries aren\'t available for 0install, so I had to package them as well.
2) Programs that include hard-coded paths must be patched.
","No","Yes","Yes","No","","Yes","Yes","No","No","","N/A","",
"Spanish","32","No","Yes","No","No","No","Yes","No","No","Yes","Yes","No","No","","ROX desktop","No","Yes","No","No","No","No","No","No","","Yes","No","No","","Rox Filler, but I would like to run all my desktop apps using it","Very important","Important","Very important","Very important","Very important","No","Yes","No","Yes","No","","I\'m using E17 Desktop Shell at this moment and there is an Ibar which holds the launchers off apps, KDE4 and Gnome and thinking something similar (kicker or gdesklets with a mac like launcher), would be nice to have some kind of universal drag & drop support for all this alternatives (I don\'t know if there is a standard for that). May be associations with mime types would be neat, but they can be provided by rox filler.","Yes","No","No","No","No","","I want some kind of peer-to-peer recommendation service.","Yes","No","No","No","Yes","","I didn't know about this","I use this","I use this","Don't need this","I use this","I didn't know about this","Yes","Yes","No","No","No","compiling packages from sources for different architectures","It's just misunderstood; more advocacy!","It\'s fine, from the end user point of view. I have never probed like a developer but I have seen that the support on mailing list is good for people struggling with problems. About the previous question, more understanding and advocacy would let more packages and development, so is more about getting 0install in people minds.","Installing it, from the point of view of the end user, and the problem is not getting it by default on popular distros, but integrated to the web browsing experience of the casual unix desktop user. Something like a firefox plugin/extension would help a lot or the way that autopackage creates packages which install autopackage when it is not present. We need somekind of bootstraping for 0install, from the usual unix desktop experience, to the 0install experience and links to me between both experience can be made in the browser via extensions/plugins; in the mime types: you try to open a file that doesn\'t have the proper viewer and voil√°, you get it via 0install; or in bundles: you get a 0install self contained bundle that, when is launched install 0install, and after that you can use to its full potential --even sharing dependencies (somekind of mix between the autopackage way and the 0install way)","0install is superb, thanks a lot for it. I will reinstall it in my Sabayon/Gentoo Linux on 64 bits and I will see how can it provide me for the packages I want, optimized for this architecture. Cheers","Yes","Yes","No","No","No","Yes","No","No","No","No","","Yes","No","Yes","No","No","Yes","Yes","No","","I have not read it yet. I will try at the end of this year","The software needs a bootstraping for normal desktop unix experience to 0install experience. Look my previous answer about this.","No","No","No","No","I have not started the packaging","No","No","No","Yes","","Yes","",
"en","20","No","Yes","No","No","No","No","No","Yes","Yes","No","No","No","","Slashdot","No","Yes","No","No","No","No","No","No","","Yes","No","No","","","Nice to have","Very important","Nice to have","Very important","Important","No","No","No","No","Yes","","","Yes","No","No","No","No","","I don't care; I'll run anything! That confirm box is annoying.","No","No","No","No","No","","I didn't know about this","","","I didn't know about this","","","No","No","No","No","No","More packages.  Integration with apt","It needs more packages.","Have never had to read it","","","Yes","Yes","No","No","No","Yes","No","No","Yes","Yes","","Yes","Yes","No","No","Yes","Yes","No","No","","Havn\'t read it yet","","No","No","No","No","","No","Yes","No","Yes","","No","",
"pl","43","No","Yes","No","No","No","No","No","No","Yes","No","No","No","","ROX desktop","No","Yes","No","No","No","No","No","No","","Yes","No","No","","","Very important","Very important","Very important","","","No","Yes","No","No","No","","","Yes","No","No","No","No","","","No","Yes","No","No","No","","I use this","I use this","I use this","I use this","I use this","I use this","No","No","No","No","No","h","","","","","Yes","Yes","No","No","No","No","No","No","Yes","No","","No","No","No","No","No","No","No","No","","","","No","Yes","No","No","","No","No","No","No","","N/A","",
"en","27","Yes","Yes","No","No","No","No","Yes","No","Yes","Yes","No","No","","OSNews","No","No","No","No","No","No","Yes","No","","Yes","No","No","Contributed Patches","None so far, just testing and development","Very important","Important","Very important","Important","Very important","No","No","No","Yes","No","","","Yes","No","No","No","No","","The "unreliable hints database" is good enough for me.","No","No","No","No","Yes","","Don't need this","I use this","I use this","I use this","I use this","I didn't know about this","No","No","Yes","Yes","No","","It's just misunderstood; more advocacy!","I think the documentation is great.","Creating zero install packages that can share libraries.","","Yes","Yes","No","No","No","Yes","No","No","No","No","","No","No","No","No","No","No","Yes","Yes","","Good.","Building packages that use shared libraries.","Yes","Yes","Yes","No","","Yes","No","No","No","","No","",
"fr","26","No","No","No","No","No","Yes","No","No","Yes","No","No","No","","Other","No","No","No","No","No","No","No","No","","No","No","No","","","Don't care","Very important","Don't care","Nice to have","Very important","No","No","No","No","No","","","No","No","No","No","No","","","No","No","No","No","No","","I didn't know about this","I didn't know about this","I didn't know about this","I didn't know about this","I didn't know about this","I didn't know about this","No","No","No","No","No","","","","","","Yes","Yes","No","No","No","No","No","No","No","No","","No","No","No","No","No","No","No","No","","","","No","No","No","No","","No","No","No","No","","N/A","",
"french","","No","Yes","No","No","No","No","No","Yes","Yes","Yes","No","No","","Other","No","No","No","No","No","No","No","No","","No","No","No","","","Important","Nice to have","Very important","Nice to have","Very important","No","No","No","No","No","","","No","No","No","No","No","","","No","No","No","No","No","","","","","","","","No","No","No","Yes","No","","","","","","Yes","Yes","No","No","No","No","No","No","No","No","","No","No","No","No","No","No","Yes","No","","","","No","No","No","No","","No","No","No","No","","Yes","",
"fr","21","No","Yes","No","No","Yes","No","No","No","Yes","No","Yes","No","","Other","No","No","No","No","No","No","No","No","","No","No","No","","","Don't care","Don't care","Don't care","Nice to have","Don't care","No","No","No","No","No","","Integration with PackageKit ?","No","No","No","No","No","None !","The GPG fingerprint is enough. I'll check it myself.","No","No","No","No","No","","","","","","","","No","No","No","No","No","Integration with PackageKit","It's just misunderstood; more advocacy!","","","","Yes","Yes","No","No","No","Yes","No","No","Yes","No","","No","No","No","No","Yes","No","No","No","provide user an easy way to install fresh release without waiting for distribution packages.","","","No","No","No","No","","No","No","No","No","","No","",
"fr","22","No","Yes","No","No","No","Yes","No","No","Yes","No","No","Yes","","Other","No","No","No","No","No","No","No","No","","No","No","No","","","Important","Nice to have","Important","Nice to have","Very important","No","No","No","No","No","","","Yes","No","No","No","No","","I want to pay someone (e.g. my distribution) to decide for me.","No","No","No","No","No","","","","","","","","Yes","No","Yes","Yes","No","","Distributions need to have it installed by default.","","","I don\'t use Zero Install yet.","Yes","Yes","No","No","No","Yes","No","No","No","No","darcs repository","Yes","No","Yes","No","No","No","No","No","","","","No","No","No","No","","No","No","Yes","Yes","","No","",
"fr","21","No","Yes","No","No","No","No","No","Yes","Yes","Yes","No","No","","Other","No","No","No","No","No","No","No","No","","No","No","No","","","Unwanted","Very important","Important","Important","Very important","No","No","No","No","No","","","No","No","No","No","No","","","No","No","No","No","No","","","","","","","","Yes","Yes","Yes","No","No","","Distributions need to have it installed by default.","","","","Yes","Yes","No","No","No","No","No","No","No","No","","Yes","Yes","No","No","No","Yes","No","No","","","","No","No","No","No","","Yes","No","Yes","Yes","","N/A","",
"french","28","No","Yes","No","No","Yes","No","No","No","Yes","Yes","No","No","","Other","Yes","Yes","No","No","Yes","No","No","No","","No","No","No","","","Don't care","Important","Don't care","Very important","Very important","Yes","No","No","No","No","","","No","No","No","No","No","","The GPG fingerprint is enough. I'll check it myself.","No","No","No","No","Yes","","I use this","I use this","I use this","","","","Yes","No","Yes","No","No","","","","","","Yes","Yes","No","No","No","Yes","Yes","No","Yes","No","","Yes","No","No","No","No","No","No","No","","","","Yes","Yes","No","No","","No","No","No","No","","N/A","",
"fi, ru","24","No","Yes","No","No","No","Yes","No","No","Yes","Yes","No","No","","Slashdot","No","No","No","No","No","Yes","No","No","(B)LFS","Yes","Yes","No","","","Important","Important","Very important","Important","Nice to have","No","No","No","Yes","No","","","Yes","No","No","No","No","UML","The GPG fingerprint is enough. I'll check it myself.","Yes","No","No","No","No","","Don't need this","I use this","Don't need this","Don't need this","Don't need this","I didn't know about this","Yes","Yes","Yes","Yes","No","shared cache","Distributions need to have it installed by default.","k","finding public keys used for packages","","Yes","No","Yes","No","No","Yes","No","No","No","No","","Yes","No","No","No","No","No","No","No","","from homepage","creating a package","No","No","No","No","manually, no other option at the time","Yes","No","No","No","","No","",
"en","68","No","Yes","No","No","No","Yes","No","No","Yes","Yes","No","No","","Slashdot","No","No","No","No","No","No","No","No","","No","No","No","","","Important","Don't care","Nice to have","Nice to have","Very important","No","No","No","No","No","","","Yes","No","No","No","No","","","No","No","No","No","No","","","","","","","","Yes","Yes","No","Yes","No","","","","","","Yes","Yes","No","No","No","Yes","No","No","No","No","","No","No","No","No","No","No","No","No","","","","No","No","No","No","pacman on Arch","No","Yes","No","No","","No","",
"deutsch","38","No","Yes","No","No","No","No","No","No","Yes","No","No","No","","","No","Yes","No","No","No","No","No","No","","No","No","No","","","","","","","","Yes","No","No","No","No","","","No","No","No","No","No","","","No","No","No","No","No","","","","","","","","No","No","No","No","No","","","","","","Yes","No","No","No","No","No","No","No","Yes","No","","No","No","No","No","No","No","No","No","","","","No","No","No","No","","No","No","No","No","","N/A","",
"no","20","Yes","Yes","No","No","No","No","No","No","Yes","No","No","No","","Other","No","No","No","No","No","No","No","No","","No","No","No","","","Don't care","Nice to have","Important","Important","Nice to have","No","No","No","No","No","","","Yes","No","Yes","No","No","","I want some kind of peer-to-peer recommendation service.","No","No","No","No","No","","","","","","","","No","Yes","No","No","No","","","","","","Yes","Yes","No","No","No","Yes","No","No","Yes","No","","Yes","No","Yes","No","No","No","No","No","","","","No","No","No","No","","Yes","No","No","No","","No","",
"german","62","No","Yes","No","Yes","No","Yes","No","No","Yes","No","No","No","","Other","No","No","No","Yes","No","Yes","No","No","","No","No","No","","","Nice to have","Very important","Nice to have","Very important","Very important","Yes","No","No","No","No","","","Yes","No","No","No","No","","","No","No","No","No","No","","Don't need this","I use this","I use this","I use this","I use this","I use this","Yes","No","Yes","No","Yes","","Distributions need to have it installed by default.","","","","Yes","Yes","No","No","No","Yes","No","Yes","No","No","","Yes","No","No","No","No","No","No","No","","","","No","No","No","No","","No","No","No","No","","Yes","",
"en","22","No","Yes","No","No","No","Yes","No","No","Yes","Yes","Yes","No","","Other","No","Yes","No","No","No","Yes","No","No","","Yes","Yes","No","","saxm2s","Important","Important","Nice to have","Nice to have","Important","No","No","No","Yes","No","","I was unaware of Zero2Desktop; I will have to check that out","Yes","No","No","No","No","","I want some kind of peer-to-peer recommendation service.","No","No","No","No","No","","","I use this","I didn't know about this","I use this","","I didn't know about this","Yes","No","No","Yes","No","integration with portage","Distributions need to have it installed by default.","The website documentation is great. The step by step procedures for both using feeds and making your own were well described and straight forward to follow.","while it is not particularly difficult to do the initial install the launcher, it is quite annoying to have to do it on every machine on which I use it. It would be helpful if distributions started shipping with it and made it part of the base install for at least desktop systems.","Keep up the great work! This is an excellent project.","Yes","No","Yes","No","No","No","No","No","No","Yes","","Yes","No","Yes","No","No","No","Yes","No","","It was a link on the front page of the website. Well written, easy to follow","remembering to update the feed with the latest version, and making sure that my signing key is available on whatever dev machine I am using for the release at the time.","No","Yes","No","No","","Yes","Yes","No","No","","N/A","The real reasons I like to distribute software through zeroinstall:
* my user\'s shouldn\'t need root access or much experience with installing software from source
* zeroinstall checks for updates every so often for them, so I know that it is unlikely that many people will be using very out-of-date versions of my projects.

Again, keep up the excellent work!",
"sl","26","No","Yes","Yes","Yes","No","No","No","Yes","Yes","Yes","No","No","","Other","No","No","No","No","No","No","No","No","","No","No","No","","","Important","Important","Important","Very important","Very important","Yes","No","No","No","No","","","No","No","No","Yes","Yes","","The "unreliable hints database" is good enough for me.","No","No","No","No","No","","Don't need this","I use this","Don't need this","Don't need this","Don't need this","Don't need this","No","No","Yes","Yes","No","","Distributions need to have it installed by default.","","","","Yes","Yes","No","No","No","Yes","Yes","No","No","No","","Yes","Yes","No","No","Yes","No","Yes","No","","","","No","No","No","No","","Yes","Yes","Yes","Yes","","No","",
"english","32","No","No","No","No","No","Yes","No","Yes","Yes","No","No","No","","Other","No","No","No","No","No","Yes","No","No","","Yes","No","No","","not really any, i\'d just want an easier integration with the Gobolinux distribution","Important","Nice to have","Nice to have","Very important","Don't care","Yes","No","No","No","No","","it would be nice to have a SMALL control center that is uniform in functionality, be it on qt/kde or gtk/gnome","No","No","No","No","No","none","I don't care; I'll run anything! That confirm box is annoying.","No","No","No","No","Yes","","I didn't know about this","I couldn't get this work","I use this","I use this","","","No","Yes","No","No","No","","Other","Its ok although i think it could be improved especially in regards to distributions. I have a short attention span :(","Didnt find it really confusing... but it would be nice if Zero Install could rally more people behind its idea AND that it would be able to continue if main devs no longer have time to maintain (I see that Elektra registry project moves so slow for example, that makes me worried)","Spread adoption guys!","Yes","No","No","No","No","No","No","No","No","No","","No","No","No","No","No","No","No","No","","","","No","No","No","No","","No","No","No","No","","N/A","",
"","","No","No","No","No","No","No","No","No","No","No","No","No","","","No","No","No","No","No","No","No","No","","No","No","No","","","","","","","","No","No","No","No","No","","","No","No","No","No","No","","","No","No","No","No","No","","","","","","","","No","No","No","No","No","","","","","","Yes","No","No","No","No","No","No","No","No","No","","No","No","No","No","No","No","No","No","","","","No","No","No","No","","No","No","No","No","","N/A","",
"ge","55","No","No","No","Yes","No","No","No","No","Yes","No","No","No","","Other","No","No","No","No","No","No","No","No","","No","No","No","","","Unwanted","Nice to have","Very important","Nice to have","Very important","Yes","Yes","Yes","No","No","","","No","No","Yes","No","No","","","No","No","No","No","No","","I didn't know about this","I use this","Don't need this","Don't need this","Don't need this","","Yes","No","No","Yes","No","","","","","didn\'t ever try zero install","Yes","Yes","No","No","No","Yes","Yes","Yes","No","No","","Yes","No","No","No","No","Yes","Yes","No","","","","No","No","No","No","","Yes","Yes","Yes","Yes","","No","",
"de","32","No","No","No","No","No","Yes","No","No","Yes","No","No","No","","Other","No","No","No","No","No","Yes","No","No","","Yes","No","No","","","Very important","Very important","Very important","Very important","Very important","No","No","No","No","Yes","","","Yes","No","No","No","No","","The GPG fingerprint is enough. I'll check it myself.","No","Yes","No","No","No","","I didn't know about this","I didn't know about this","I didn't know about this","Don't need this","Don't need this","Don't need this","No","No","No","No","No","","Other","","To integrate it nicely in my system.","We need a test0install cd to download !
It should be a small system and should demonstrate the possibilities of 0install at its best !!!","Yes","Yes","No","No","No","Yes","No","No","No","No","","Yes","Yes","Yes","Yes","Yes","Yes","No","No","","","","No","No","No","No","","No","No","No","No","","N/A","",
"Spanish","25","No","Yes","No","No","No","Yes","No","No","Yes","No","No","No","","","No","Yes","No","Yes","No","No","No","No","","Yes","No","No","","","Nice to have","Important","Nice to have","Important","Important","Yes","No","Yes","No","No","","i use gnome and ubuntu, it could have lots more tooltips, demos, wizards, drag n drops, etc.

Well overall alot more intuitive for novice similar to windows or mac programs installations (next, next, finish..) :)","Yes","No","No","No","No","","The "unreliable hints database" is good enough for me.","Yes","Yes","No","Yes","No","","I use this","I use this","I use this","I didn't know about this","I didn't know about this","I didn't know about this","Yes","Yes","Yes","No","Yes","","It needs more packages.","I think it\'s fair.","It could be more easier or intuitive, like mac program installs or windows installers","keep the good work :)","Yes","Yes","No","No","No","Yes","Yes","No","No","No","","Yes","Yes","Yes","No","Yes","No","Yes","No","","","","No","No","No","No","","Yes","Yes","Yes","Yes","","N/A","",
